a,labeled,dataset,for,training.,supervised,learning,requires
a,popular,programming,language,for,data,analysis.,python,is
accurately.,the,machine,learning,model,predicted,the,outcome
analysis.,python,is,a,popular,programming,language,for,data
analyze,trends,using,large,datasets.,data,scientists
artificial,intelligence,is,revolutionizing,healthcare.
brain,to,process,information.,neural,networks,mimic,the,human
businesses.,cloud,computing,offers,scalable,solutions,for
cloud,computing,offers,scalable,solutions,for,businesses.
computing,offers,scalable,solutions,for,businesses.,cloud
data,analysis.,python,is,a,popular,programming,language,for
data,scientists,analyze,trends,using,large,datasets.
dataset,for,training.,supervised,learning,requires,a,labeled
datasets.,data,scientists,analyze,trends,using,large
for,businesses.,cloud,computing,offers,scalable,solutions
for,data,analysis.,python,is,a,popular,programming,language
for,training.,supervised,learning,requires,a,labeled,dataset
healthcare.,artificial,intelligence,is,revolutionizing
human,brain,to,process,information.,neural,networks,mimic,the
information.,neural,networks,mimic,the,human,brain,to,process
intelligence,is,revolutionizing,healthcare.,artificial
is,a,popular,programming,language,for,data,analysis.,python
is,revolutionizing,healthcare.,artificial,intelligence
labeled,dataset,for,training.,supervised,learning,requires,a
language,for,data,analysis.,python,is,a,popular,programming
large,datasets.,data,scientists,analyze,trends,using
learning,model,predicted,the,outcome,accurately.,the,machine
learning,requires,a,labeled,dataset,for,training.,supervised
machine,learning,model,predicted,the,outcome,accurately.,the
mimic,the,human,brain,to,process,information.,neural,networks
model,predicted,the,outcome,accurately.,the,machine,learning
networks,mimic,the,human,brain,to,process,information.,neural
neural,networks,mimic,the,human,brain,to,process,information.
offers,scalable,solutions,for,businesses.,cloud,computing
outcome,accurately.,the,machine,learning,model,predicted,the
popular,programming,language,for,data,analysis.,python,is,a
predicted,the,outcome,accurately.,the,machine,learning,model
process,information.,neural,networks,mimic,the,human,brain,to
programming,language,for,data,analysis.,python,is,a,popular
python,is,a,popular,programming,language,for,data,analysis.
requires,a,labeled,dataset,for,training.,supervised,learning
revolutionizing,healthcare.,artificial,intelligence,is
scalable,solutions,for,businesses.,cloud,computing,offers
scientists,analyze,trends,using,large,datasets.,data
solutions,for,businesses.,cloud,computing,offers,scalable
supervised,learning,requires,a,labeled,dataset,for,training.
the,human,brain,to,process,information.,neural,networks,mimic
the,machine,learning,model,predicted,the,outcome,accurately.
the,outcome,accurately.,the,machine,learning,model,predicted
to,process,information.,neural,networks,mimic,the,human,brain
training.,supervised,learning,requires,a,labeled,dataset,for
trends,using,large,datasets.,data,scientists,analyze
using,large,datasets.,data,scientists,analyze,trends
